{
  "data": "data/instructed_pairs.pt",
  "N_train": 488,
  "N_test": 124,
  "L": 36,
  "d": 2048,
  "results": {
    "single_layer": {
      "best_layer": 24,
      "per_layer_cv_auc": [
        0.09338990698320146,
        0.1114882687768985,
        0.22599090656670834,
        0.23032764126058586,
        0.22227370540052754,
        0.18117624600860754,
        0.19434957656531998,
        0.22426766625017355,
        0.3136123837290018,
        0.28227474663334723,
        0.3971539636262668,
        0.44030959322504515,
        0.49603463834513395,
        0.4319311398028599,
        0.4553311120366514,
        0.4438011939469665,
        0.5046022490628904,
        0.6715083992780786,
        0.8005778842149104,
        0.7832066500069416,
        0.8318096626405664,
        0.7919165625433846,
        0.7496615993336111,
        0.934129876440372,
        0.964362071359156,
        0.9549718867138692,
        0.9505778842149104,
        0.9621546577814799,
        0.9455296404275997,
        0.9307805775371374,
        0.9162397612106066,
        0.8929716784673053,
        0.8951235596279327,
        0.8568530473413855,
        0.921005136748577,
        0.9312647507982785
      ],
      "test_auroc": 0.991675338189386,
      "test_recall_at_1pct_fpr": 0.967741935483871
    },
    "all_layers_concat": {
      "test_auroc": 0.9976586888657648,
      "test_recall_at_1pct_fpr": 0.967741935483871
    },
    "transformer_over_layers": {
      "test_auroc": 0.9921956295525494,
      "test_recall_at_1pct_fpr": 0.8548387096774194
    },
    "contrastive_encoder": {
      "encoder_ckpt": "results/encoder_ip_infonce.pt",
      "pool": "layer",
      "layer_idx": 24,
      "test_auroc": 0.9947970863683664,
      "test_recall_at_1pct_fpr": 0.9838709677419355
    }
  }
}