{
  "data": "data/instructed_pairs.pt",
  "config": {
    "data": "data/instructed_pairs.pt",
    "output": "results/fair_contrastive_baselines.json",
    "test_frac": 0.2,
    "seed": 42,
    "d_model": 256,
    "layer_idx": 24,
    "epochs": 40,
    "lr": 0.001,
    "wd": 0.05,
    "temperature": 0.07,
    "kinds": [
      "linear_single",
      "linear_concat",
      "mlp_concat",
      "transformer"
    ],
    "n_seeds": 5,
    "n_trains": [
      5,
      10,
      20,
      40,
      80,
      160,
      320
    ]
  },
  "results": {
    "linear_single": {
      "params": 524544,
      "full_train_auroc": 0.9940166493236212,
      "full_train_recall_at_1pct_fpr": 0.967741935483871,
      "train_time_sec": 0.8422908782958984,
      "few_shot_auroc": {
        "5": [
          0.9940166493236212,
          0.9929760665972945,
          0.9932362122788762,
          0.9940166493236212,
          0.9945369406867847
        ],
        "10": [
          0.9940166493236212,
          0.9940166493236212,
          0.9945369406867846,
          0.9932362122788762,
          0.9937565036420396
        ],
        "20": [
          0.9940166493236212,
          0.9932362122788762,
          0.9937565036420396,
          0.9934963579604579,
          0.9932362122788762
        ],
        "40": [
          0.9934963579604579,
          0.9940166493236212,
          0.9937565036420396,
          0.9934963579604579,
          0.9940166493236212
        ],
        "80": [
          0.9934963579604579,
          0.9940166493236212,
          0.9937565036420396,
          0.9940166493236212,
          0.9937565036420396
        ],
        "160": [
          0.9934963579604579,
          0.9937565036420396,
          0.9937565036420396,
          0.9937565036420396,
          0.9940166493236212
        ],
        "320": [
          0.9940166493236212,
          0.9937565036420396,
          0.9937565036420396,
          0.9937565036420396,
          0.9937565036420396
        ]
      }
    },
    "linear_concat": {
      "params": 18874624,
      "full_train_auroc": 0.9984391259105099,
      "full_train_recall_at_1pct_fpr": 0.967741935483871,
      "train_time_sec": 0.7569417953491211,
      "few_shot_auroc": {
        "5": [
          0.9984391259105099,
          0.9973985431841832,
          0.9971383975026015,
          0.9963579604578564,
          0.9973985431841832
        ],
        "10": [
          0.9973985431841832,
          0.9973985431841832,
          0.9976586888657648,
          0.9973985431841832,
          0.9984391259105099
        ],
        "20": [
          0.9973985431841832,
          0.9973985431841832,
          0.9973985431841832,
          0.9973985431841832,
          0.9984391259105099
        ],
        "40": [
          0.9973985431841832,
          0.9984391259105099,
          0.9984391259105099,
          0.9973985431841832,
          0.9976586888657648
        ],
        "80": [
          0.9984391259105099,
          0.9973985431841832,
          0.9976586888657648,
          0.9976586888657648,
          0.9976586888657648
        ],
        "160": [
          0.9984391259105099,
          0.9973985431841832,
          0.9973985431841832,
          0.9973985431841832,
          0.9976586888657648
        ],
        "320": [
          0.9984391259105099,
          0.9976586888657648,
          0.9973985431841832,
          0.9984391259105099,
          0.9984391259105099
        ]
      }
    },
    "mlp_concat": {
      "params": 18940416,
      "full_train_auroc": 0.9971383975026016,
      "full_train_recall_at_1pct_fpr": 0.9354838709677419,
      "train_time_sec": 0.7455918788909912,
      "few_shot_auroc": {
        "5": [
          0.9976586888657648,
          0.9968782518210197,
          0.9973985431841832,
          0.9971383975026015,
          0.9973985431841832
        ],
        "10": [
          0.9971383975026015,
          0.9973985431841832,
          0.9973985431841832,
          0.9968782518210197,
          0.9973985431841832
        ],
        "20": [
          0.9976586888657648,
          0.9973985431841832,
          0.9971383975026016,
          0.9973985431841832,
          0.9971383975026015
        ],
        "40": [
          0.9971383975026016,
          0.9973985431841832,
          0.9971383975026016,
          0.9973985431841832,
          0.9973985431841832
        ],
        "80": [
          0.9973985431841832,
          0.9971383975026016,
          0.9971383975026016,
          0.9971383975026016,
          0.9971383975026015
        ],
        "160": [
          0.9973985431841832,
          0.9971383975026016,
          0.9976586888657648,
          0.9971383975026016,
          0.9971383975026016
        ],
        "320": [
          0.9971383975026016,
          0.9971383975026016,
          0.9971383975026016,
          0.9971383975026016,
          0.9973985431841832
        ]
      }
    },
    "transformer": {
      "params": 3699968,
      "full_train_auroc": 0.9895941727367326,
      "full_train_recall_at_1pct_fpr": 0.9354838709677419,
      "train_time_sec": 4.74665904045105,
      "few_shot_auroc": {
        "5": [
          0.9882934443288243,
          0.9898543184183144,
          0.9898543184183144,
          0.9875130072840792,
          0.9825702393340271
        ],
        "10": [
          0.9903746097814776,
          0.990114464099896,
          0.9903746097814777,
          0.9880332986472424,
          0.9903746097814776
        ],
        "20": [
          0.9888137356919875,
          0.9898543184183144,
          0.990114464099896,
          0.9893340270551509,
          0.990114464099896
        ],
        "40": [
          0.9895941727367327,
          0.987513007284079,
          0.9890738813735693,
          0.9893340270551509,
          0.9890738813735692
        ],
        "80": [
          0.9890738813735692,
          0.990114464099896,
          0.990114464099896,
          0.990114464099896,
          0.9903746097814776
        ],
        "160": [
          0.9898543184183144,
          0.9898543184183144,
          0.9898543184183143,
          0.990114464099896,
          0.9895941727367326
        ],
        "320": [
          0.9895941727367326,
          0.9895941727367326,
          0.9893340270551509,
          0.990114464099896,
          0.990114464099896
        ]
      }
    }
  }
}