{
  "encoder_ckpt": "results/encoder_ip_infonce.pt",
  "src": "data/instructed_pairs.pt",
  "tgt": "data/instructed_pairs_false.pt",
  "pool": "layer",
  "layer_idx": 24,
  "N_src_train": 488,
  "N_src_test": 124,
  "N_tgt": 612,
  "indist": {
    "auroc": 0.9947970863683664,
    "recall_at_1pct_fpr": 0.9838709677419355
  },
  "transfer": {
    "auroc": 0.990003844675125,
    "recall_at_1pct_fpr": 0.8169934640522876
  },
  "gap_auroc": 0.004793241693241357
}